Signal (i.e. lead SNP rsid),Gene Symbol,Number of SNPs in 99% credible set,Maximum credible set PPA,Coding Score,Dissimilarity (difference between top two TOA scores),Sum of squared TOA score differences (SSD),Islet TOA score,Muscle TOA score,Adipose TOA score,Liver TOA score,Unclassified TOA score
rs56348580,HNF1A,5,0.47372,0.248355579019037,0.0076,0.09233417,0.4117,0.0458,0.1162,0.4193,0
rs188247550,TM6SF2,1571,0.24158,0.120467683823075,0.0654,0.00610517,0.2216,0.1737,0.1792,0.287,0.1285
rs8107974,TM6SF2,6,0.43379,0.0787665557242456,0.0856,0.00747441,0.2326,0.2282,0.2169,0.3182,0
rs116953931,PTPRS,2100,0.26163,0.0592144693145409,0.0181,0.00969282,0.2813,0.2547,0.2632,0.1583,0.0326
rs4771648,IRS2,28,0.36226,0.0520271448971906,0.0715,0.0147123,0.2698,0.1431,0.3413,0.2345,0.0014
rs1493694,NOTCH2,48,0.090963,0.0391123033300792,0.0378,0.02565398,0.1621,0.1554,0.3554,0.3176,0
rs13737,PTPN9,76,0.18939,0.0349190982225517,0.0268,0.000892290000000001,0.2735,0.2408,0.229,0.2467,0
rs115505614,PAM,8,0.46018,0.0250123708637624,0.00679999999999997,0.0192368,0.2853,0.2725,0.2785,0.1341,0.0214
rs62482405,RELN,1320,0.060202,0.0193992353039586,0.0648,0.00146621,0.1528,0.2137,0.1823,0.1628,0.2785
rs71372253,NF1,96,0.21698,0.018061559711179,0.0151,0.03976494,0.3469,0.1288,0.1491,0.362,0.0032
rs62059712,ATP1B2,2115,0.34209,0.0172978826711934,0.0319,0.00105089,0.2471,0.2152,0.2104,0.2072,0.11
rs2581787,RFT1,43,0.056347,0.0163287339323491,0.0103,0.00018106,0.2499,0.2291,0.2396,0.2375,0.034
rs11926707,KIF9,838,0.067543,0.015478697212597,0.096,0.01015937,0.3318,0.1953,0.2358,0.2234,0.0037
rs3810291,ZC3H4,31,0.2526,0.0118863167211709,0.0293,0.00127277,0.2831,0.2538,0.235,0.2272,0
rs4281707,FTO,73,0.085029,0.0108173792018688,0.0996,0.01040992,0.1747,0.1771,0.2987,0.1991,0.1409
rs6011155,ZBTB46,1618,0.063248,0.0104740745940847,0.0231,0.00477518,0.1856,0.2639,0.287,0.249,0.0045
rs7124681,CELF1,223,0.068148,0.0102287450788611,0.0775,0.00842745,0.2244,0.1838,0.2522,0.3297,0
rs1531583,PCGF3,26,0.13479,0.0098677907051867,0.00540000000000002,0.000183409999999999,0.2606,0.2552,0.2431,0.2403,0
rs12910825,PRC1,25,0.35699,0.0094136325961024,0.0376,0.07356818,0.0097,0.3745,0.3369,0.2698,0
rs1061810,HSD17B12,67,0.03654,0.00936529711039378,0.0702,0.00639614,0.3216,0.2201,0.198,0.2514,0
rs96844,ANKRD55,62,0.18014,0.00864364080926648,0.0304,0.00112666,0.2602,0.2298,0.21,0.2217,0.0684
rs2767036,PDHX,273,0.014837,0.00732524576958721,0.0585,0.00424738,0.3052,0.218,0.2467,0.2168,0.0033
rs4930091,KCNQ1,2086,0.042182,0.00695417382874568,0.0311,0.02698169,0.2151,0.0589,0.2553,0.2864,0.1743
rs12048743,DSTYK,55,0.11544,0.00634973691042424,0.0135,0.0026485,0.2001,0.2373,0.2837,0.2702,0
rs5758223,EP300,138,0.036464,0.00622768349567332,0.0177,0.00041734,0.266,0.2381,0.238,0.2483,0
rs7078559,HHEX-IDE,175,0.03869,0.00566484957339613,0.0932,0.01315348,0.2401,0.3333,0.1459,0.1969,0.074
rs4148856,MPHOSPH9,208,0.074127,0.00510130869004228,0.00940000000000002,0.000837770000000001,0.2679,0.2435,0.2206,0.2585,0
rs6518681,MTMR3-ASCC2,143,0.020823,0.00509984026623297,0.01,0.01796739,0.2819,0.1154,0.1522,0.1491,0.2919
rs474513,SLC22A3,28,0.062842,0.0046004533458056,0.0935,0.05674478,0.0285,0.1938,0.3376,0.4311,0
rs2052261,CEP68,1551,0.061752,0.00429371926249934,0.0343,0.00123674,0.2336,0.2316,0.2679,0.2241,0.0328
rs6459733,MNX1,78,0.046133,0.00416094036693027,0.0699,0.00496523,0.3053,0.2354,0.2264,0.2265,0
rs825452,ZNF664,2288,0.14111,0.00320448341133539,0.00750000000000001,0.00281693,0.2315,0.1842,0.2072,0.143,0.224
rs445084,KCNQ1,2491,0.18434,0.00309607125423261,0.0715,0.0081645,0.3214,0.203,0.2499,0.1738,0.0419
rs187936726,TP53INP1,2329,0.43146,0.00304192247698758,0.0676,0.02256501,0.3428,0.0869,0.1926,0.2752,0.0926
rs59944054,TCEA2,58,0.1462,0.0029075207165301,0.015,0.0263572,0.3382,0.1624,0.1458,0.3232,0.0206
rs10305745,FAM63A,723,0.18286,0.00290544847622216,0.00970000000000001,0.00069626,0.2013,0.2457,0.2189,0.236,0.0881
rs9430095,SRGAP2,24,0.35241,0.00242708151128129,0.0226,0.00461012,0.2179,0.1835,0.2945,0.2719,0.0228
rs6600191,ITFG3,29,0.25131,0.00239898695271154,0.0122,0.00093684,0.2723,0.2601,0.2205,0.2389,0
rs62007683,MARK3,91,0.022783,0.00235675521724623,0.012,0.000421540000000001,0.2534,0.2369,0.2654,0.2346,0
rs11696357,HNF4A,1995,0.2109,0.00227179948707993,0.0179,0.0051897,0.1788,0.295,0.2236,0.2771,0.0156
rs9505097,RREB1,22,0.18403,0.00214527867136949,0.0335,0.00468995,0.273,0.1898,0.3065,0.2241,0
rs3111316,FARSA,39,0.32295,0.00200235101417971,0.0358,0.00276078,0.2857,0.2499,0.2081,0.2464,0
rs116913033,GCK,1573,0.076643,0.00190317707492195,0.0944,0.02057181,0.3747,0.2803,0.1276,0.203,0.0044
rs1377807,ZZEF1,66,0.23959,0.00190124398301223,0.0582,0.00354766,0.2982,0.2301,0.2222,0.24,0
rs10469140,BCL2A,2545,0.14851,0.00142392086685195,0.0569,0.02454963,0.0913,0.1715,0.3084,0.1674,0.2515
rs11065299,HNF1A,895,0.33995,0.0013498774033766,0.0669,0.00777019,0.3167,0.2498,0.1752,0.2285,0.0197
rs7978610,ZNF664,99,0.034972,0.00134374498164754,0.0071,0.00289601,0.2652,0.2048,0.2723,0.2124,0.0354
rs7178762,USP3,109,0.097078,0.00124627902541614,0.0289,0.000878509999999999,0.2439,0.2728,0.2357,0.2376,0
rs56376556,FBXL13,217,0.30141,0.00111390046073601,0.00240000000000001,0.00384712,0.2537,0.2691,0.2667,0.1931,0.0074
rs62357230,ITGA1,1480,0.1214,0.000946056405635508,0.0564,0.10081805,0.382,0.0393,0.0647,0.0655,0.4384
rs3115960,BCAR1,1088,0.040349,0.000940321588413975,0.0466,0.00408483,0.249,0.1838,0.1675,0.1873,0.2024
rs11688931,GLI2,2400,0.086532,0.000639611016325584,0.00689999999999996,0.05003105,0.0504,0.2714,0.3121,0.3052,0.0509
rs12578639,KSR2,993,0.073426,0.00057921058150506,0.0211,0.0034469,0.2643,0.187,0.2854,0.223,0.0304
rs112595469,ETS1,1298,0.098869,0.000565328785683574,0.0242,0.00910886,0.2586,0.1202,0.1717,0.1567,0.2828
rs61676547,BPTF,143,0.046994,0.000358513897573065,0.022,0.000813300000000001,0.2726,0.2506,0.2258,0.2415,0
rs112498319,RREB1,798,0.19443,0.000332161557631343,0.0776,0.02798429,0.1178,0.3087,0.3863,0.17,0.0072
rs117483894,TCF12,188,0.013598,0.000175881288510771,0.0276,0.00571645,0.2751,0.3027,0.1768,0.2338,0.0017
rs1317617,ZMIZ1,1583,0.13842,0.000163864100538819,0.0268,0.0101762,0.293,0.205,0.1636,0.3198,0.0085
rs1516728,IGF2BP2,979,0.24839,7.60736520145202e-05,0.0241,0.00876765,0.2614,0.13,0.1946,0.1185,0.2855
rs73224262,HNF1A,116,0.45404,4.29002336685047e-05,0.00689999999999996,0.0012929,0.2263,0.2288,0.264,0.2709,0
rs78025551,TCF7L2,339,0.39913,3.19536241886402e-05,0.0345,0.01110197,0.3234,0.1895,0.2889,0.1839,0.0043
rs1641523,ATP1B2,7,0.32117,0,0.0708,0.18593284,0.5206,0.0252,0,0.4498,0
rs10893829,ETS1,22,0.11648,0,0.0795,0.14539565,0.5013,0,0.0526,0.4218,0.0178
rs616279,MIR3668,106,0.11392,0,0.0931999999999999,0.07289733,0.4105,0.3173,0.2526,0.0076,0.002
rs114526150,PROX1,69,0.044449,0,0.0246,0.08383081,0.4009,0.1626,0,0.4255,0.0015
rs60276348,ACE,27,0.30993,0,0.0409,0.03050547,0.3711,0.1657,0.1236,0.3302,0
rs2249105,CEP68,3,0.38944,0,0.0158,0.03983573,0.3683,0.1192,0.3525,0.1572,0
rs1708302,JAZF1,6,0.37109,0,0.0537,0.02638058,0.3653,0.3116,0.2208,0.0973,0
rs7115753,CRY2,29,0.22945,0,0.0641,0.0217983,0.3632,0.1654,0.1661,0.2991,0
rs78020297,FTO,7,0.21335,0,0.0311,0.0157991,0.3392,0.3081,0.2031,0.1414,0
rs10097617,TP53INP1,14,0.19771,0,0.0999,0.01105219,0.3319,0.232,0.1976,0.2303,0
rs279744,ARL15,97,0.10889,0,0.00390000000000001,0.03565682,0.3314,0.0645,0.3353,0.2014,0.0574
rs17802463,DTNB,44,0.071596,0,0.0691,0.00901866,0.3276,0.2322,0.1726,0.2585,0
rs72926932,TCF4,6,0.4443,0,0.0623,0.0087263,0.3254,0.2631,0.2382,0.1732,0
rs77136196,HMGA1,53,0.098044,0,0.0154,0.03244318,0.323,0.1463,0.1178,0.0976,0.3076
rs329122,PHF15,9,0.39585,0,0.0745,0.00822075,0.3207,0.2385,0.1874,0.2462,0
rs80147536,THADA,155,0.073025,0,0.0597,0.00494054,0.3108,0.1992,0.229,0.2511,0
rs7645517,ST6GAL1,9,0.28552,0,0.0614,0.00412077,0.3037,0.2423,0.2239,0.2204,0
rs10195252,GRB14-COBLL1,5,0.3646,0,0.0431,0.01869666,0.3025,0.1206,0.3456,0.2237,0
rs184509201,TCF7L2,9,0.18589,0,0.0298,0.01370712,0.3017,0.1565,0.2719,0.2697,0
rs1005752,HMG20A,24,0.075149,0,0.0224,0.00681157,0.2868,0.3092,0.2163,0.1797,0
rs17122772,SLC7A7,5,0.26872,0,0.0287,0.00383189,0.2853,0.1968,0.2566,0.2514,0
rs3774723,PSMD6,20,0.2794,0,0.0407,0.00179609,0.2843,0.2436,0.2318,0.2312,0
rs11202627,PTEN,122,0.043284,0,0.0526,0.01805428,0.2792,0.174,0.141,0.0642,0.3318
rs1421085,FTO,6,0.27893,0,0.0323,0.00466094,0.2753,0.3076,0.2194,0.1972,0
rs75253922,INSR,34,0.07734,0,0.0661,0.01063178,0.2715,0.1924,0.3376,0.19,0
rs3772071,RBMS1,30,0.20879,0,9.9999999999989e-05,0.0021925,0.2713,0.2714,0.223,0.2245,0
rs2280141,PLEKHA1,25,0.059074,0,0.0203,0.000565500000000001,0.2705,0.2341,0.2387,0.2502,0
rs67232546,ETS1,6,0.29701,0,0.0115,0.00180386,0.2676,0.2105,0.2791,0.2345,0
rs2268078,RALY,116,0.036583,0,0.0515,0.00734945,0.2659,0.1798,0.139,0.1914,0.2144
rs4932265,AP3S2,46,0.090833,0,0.00380000000000003,6.63299999999999e-05,0.2436,0.2544,0.2419,0.2506,0
rs1783541,MAP3K11,12,0.16088,0,0.00230000000000002,0.00320875,0.2123,0.2812,0.2789,0.2234,0
rs7022807,HAUS6,47,0.077856,0,0.0267,0.00138779,0.2071,0.1974,0.2579,0.2312,0.0967
rs58730668,ACSL1,46,0.03579,0,0.0792,0.00727009,0.2025,0.2337,0.2386,0.3178,0
rs862320,NFAT5,48,0.14742,0,0.0192,0.00314749,0.1947,0.2461,0.2653,0.183,0.1014
rs1412830,CDKN2A-B,66,0.075082,0,0.0355,0.03742697,0.1724,0.2576,0.2964,0.0031,0.2609
rs4977213,BOP1,13,0.15679,0,0.0491,0.03135011,0.1066,0.3281,0.279,0.2767,0
rs718314,ITPR2,22,0.059508,0,0.0985,0.1176163,0.0858,0.5014,0.4029,0,0
rs2982521,MIR3668,14,0.21625,0,0.00630000000000003,0.18395446,0,0.4705,0.4768,0.0439,0
rs4709746,QKI,7,0.37112,0,0.0129,0.19731409,0,0.4756,0.4885,0.0328,0
rs17836088,NRXN3,16,0.1218,0,0.0919,0.15027322,0,0.431,0,0.0461,0.5229
